Group,Study,Rank,Feature,SHAP
Non-rarefied ASV,2,1,p_Bacteroidota_c_Bacteroidia_o_Chitinophagales_f_Chitinophagaceae_966727_g_UBA1930_s_UBA1930_sp002337145,0.4033599752518865
Non-rarefied ASV,2,2,p_Proteobacteria_c_Gammaproteobacteria_o_Burkholderiales_592524_f_Burkholderiaceae_A_580492_g_Ralstonia_s_Ralstonia_pickettii_B,0.3812894538872771
Non-rarefied ASV,2,3,p_Proteobacteria_c_Gammaproteobacteria_o_Burkholderiales_592524_f_Burkholderiaceae_A_580492_g_Ralstonia_s_Ralstonia_pseudosolanacearum,0.365076854493883
Non-rarefied ASV,2,4,p_Patescibacteria_c_Paceibacteria_o_UBA9983_A_f_SBAW01_g_GWA1-54-10_s_GWA1-54-10_sp007375995,0.3526164096780121
Non-rarefied ASV,2,5,p_Actinobacteriota_c_Actinomycetia_o_Mycobacteriales_f_Mycobacteriaceae_g_Rhodococcus_C_375578,0.2880163292090097
Non-rarefied ASV,2,6,p_Actinobacteriota_c_Actinomycetia_o_Actinomycetales_f_Microbacteriaceae_g_Microbacterium_A_383312,0.2676794396506415
Non-rarefied ASV,2,7,p_Proteobacteria_c_Gammaproteobacteria_o_Burkholderiales_592524_f_Burkholderiaceae_A_574870_g_Undibacterium_570144_s_Undibacterium_oligocarboniphilum,0.2622897158894273
Non-rarefied ASV,2,8,p_Firmicutes_A_c_Clostridia_258483_o_Lachnospirales_f_Lachnospiraceae,0.2455148501528633
Non-rarefied ASV,2,9,p_Bacteroidota_c_Bacteroidia_o_Sphingobacteriales_f_Sphingobacteriaceae_g_Sphingobacterium_s_Sphingobacterium_kyonggiense,0.2300551732898585
Non-rarefied ASV,2,10,p_Proteobacteria_c_Alphaproteobacteria_o_Rickettsiales,0.2186340368870231
Non-rarefied ASV,2,11,p_Proteobacteria_c_Gammaproteobacteria_o_Pseudomonadales_641030_f_Halomonadaceae_641030_g_Halomonas_E_640272_s_Halomonas_E_640272_daqiaonensis,0.0727949127702959
Non-rarefied ASV,2,12,p_Cyanobacteria_c_Vampirovibrionia_o_Obscuribacterales_f_Obscuribacteraceae,0.0622015310048914
Non-rarefied ASV,2,13,p_Verrucomicrobiota_c_Verrucomicrobiae_o_Verrucomicrobiales_f_Akkermansiaceae_g_Luteolibacter_776538,0.0606942336102562
Non-rarefied ASV,2,14,p_Firmicutes_D_c_Bacilli_o_Erysipelotrichales_f_Erysipelotrichaceae_g_Bulleidia_s_Bulleidia_moorei,0.0571917471233265
Non-rarefied ASV,2,15,p_Proteobacteria_c_Gammaproteobacteria_o_Burkholderiales_597631,0.0316402697091844
Non-rarefied ASV,2,16,p_Actinobacteriota_c_Actinomycetia_o_Actinomycetales_f_Micrococcaceae_g_Micrococcus,0.031306652883093
Non-rarefied ASV,2,17,p_Proteobacteria_c_Gammaproteobacteria_o_Xanthomonadales_616009_f_Xanthomonadaceae_616009_g_Stenotrophomonas_A_615274_s_Stenotrophomonas_A_615274_nitritireducens_A_614483,0.0291599753002112
Non-rarefied ASV,2,18,p_Firmicutes_D_c_Bacilli_o_Lactobacillales_f_Lactobacillaceae_g_Weissella_A_338544,0.0289178852774045
Non-rarefied ASV,2,19,p_Proteobacteria_c_Gammaproteobacteria_o_Enterobacterales_A_737866_f_Enterobacteriaceae_A,0.0269347513429031
Non-rarefied ASV,2,20,p_Bacteroidota_c_Bacteroidia_o_Bacteroidales_f_Marinilabiliaceae_g_JC017_s_JC017_sp004296775,0.0212288525842928
Non-rarefied ASV,2,21,p_Proteobacteria_c_Gammaproteobacteria_o_Burkholderiales_592522_f_Burkholderiaceae_A_592522_g_Pelomonas_s_Pelomonas_puraquae,0.019064633616888
Non-rarefied ASV,2,22,p_Proteobacteria_c_Gammaproteobacteria_o_Enterobacterales_A_737866_f_Enterobacteriaceae_A_g_Klebsiella_724518,0.0184604995147113
Non-rarefied ASV,2,23,p_Firmicutes_D_c_Bacilli_o_Lactobacillales_f_Lactobacillaceae_g_Limosilactobacillus,0.017060734308997
Non-rarefied ASV,2,24,p_Bdellovibrionota_E_c_Oligoflexia_o_Oligoflexales_f_Oligoflexaceae_g_Oligoflexus_s_Oligoflexus_tunisiensis,0.0159248831040619
Non-rarefied ASV,2,25,p_Firmicutes_A_c_Clostridia_258483_o_Peptostreptococcales_f_Anaerovoracaceae_g_Copromorpha_s_Copromorpha_sp900066305,0.0127525252525252
Non-rarefied ASV,2,26,p_Proteobacteria_c_Alphaproteobacteria_o_Acetobacterales_f_Acetobacteraceae_g_Roseomonas_A_507058,0.0124011682879412
Non-rarefied ASV,2,27,p_Proteobacteria_c_Gammaproteobacteria_o_Burkholderiales_595427_f_Burkholderiaceae_A_595427,0.0111363636363636
Non-rarefied ASV,2,28,p_Proteobacteria_c_Gammaproteobacteria_o_Burkholderiales_592524_f_Burkholderiaceae_A_580492_g_Paraburkholderia_580243,0.009570707070707
Non-rarefied ASV,2,29,p_Proteobacteria_c_Gammaproteobacteria_o_Burkholderiales_592522_f_Burkholderiaceae_A_592522,0.0091919191919191
Non-rarefied ASV,2,30,p_Proteobacteria_c_Gammaproteobacteria_o_Enterobacterales_A_737866_f_Enterobacteriaceae_A_g_Providencia_A_732258,0.0089646464646464
Non-rarefied ASV,2,31,p_Bacteroidota_c_Bacteroidia_o_Bacteroidales_f_Bacteroidaceae_g_Prevotella_s_Prevotella_oulorum,0.0086616161616161
Non-rarefied ASV,2,32,p_Proteobacteria_c_Gammaproteobacteria_o_Burkholderiales_597441_f_Neisseriaceae_563222_g_Kingella_A,0.0084343434343434
Non-rarefied ASV,2,33,p_Proteobacteria_c_Gammaproteobacteria_o_Burkholderiales_597441_f_Neisseriaceae_563222_g_Neisseria_563205_s_Neisseria_elongata,0.0081565656565656
Non-rarefied ASV,2,34,p_Bacteroidota_c_Bacteroidia_o_Sphingobacteriales_f_Sphingobacteriaceae_g_Pedobacter_887417_s_Pedobacter_psychroterrae,0.0072979797979797
Non-rarefied ASV,2,35,p_Patescibacteria_c_Paceibacteria_o_Ryanbacterales_f_GWA2-47-10b_g_GWA2-47-10b,0.0072474747474747
Non-rarefied ASV,2,36,p_Bacteroidota_c_Bacteroidia_o_Bacteroidales_f_Bacteroidaceae_g_Prevotella_s_Prevotella_vespertina,0.0068181818181818
Non-rarefied ASV,2,37,p_Myxococcota_A_473307_c_Polyangia_463783_o_Polyangiales_f_Polyangiaceae_g_Palsa-1150_s_Palsa-1150_sp003153495,0.006590909090909
Non-rarefied ASV,2,38,p_Actinobacteriota_c_Actinomycetia_o_Mycobacteriales_f_Micromonosporaceae,0.0065656565656565
Non-rarefied ASV,2,39,p_Actinobacteriota_c_Thermoleophilia_o_Gaiellales_f_F1-60-MAGs149_g_F1-60-MAGs149_s_F1-60-MAGs149_sp009694475,0.0065656565656565
Non-rarefied ASV,2,40,p_Acidobacteriota_c_UBA6911_o_UBA6911_f_UBA6911_g_Gp18-AA60_s_Gp18-AA60_sp003225335,0.0060101010101009
Non-rarefied ASV,2,41,p_Proteobacteria_c_Alphaproteobacteria_o_Rhizobiales_A_504705_f_Phreatobacteraceae_g_Phreatobacter,0.0044696969696969
Non-rarefied ASV,2,42,p_Proteobacteria_c_Alphaproteobacteria_o_Sphingomonadales_f_Sphingomonadaceae_g_Sphingomonas_L_486704,0.0039898989898989
Non-rarefied ASV,2,43,p_Verrucomicrobiota_c_Verrucomicrobiae_o_Chthoniobacterales,0.0035858585858585
Non-rarefied ASV,2,44,p_Actinobacteriota_c_Actinomycetia_o_Mycobacteriales_f_Mycobacteriaceae_g_Corynebacterium_s_Corynebacterium_appendicis,0.0034090909090908
Non-rarefied ASV,2,45,p_Actinobacteriota_c_Acidimicrobiia_401430_o_IMCC26256_f_IMCC26256,0.0032828282828282
Non-rarefied ASV,2,46,p_Proteobacteria_c_Gammaproteobacteria_o_Burkholderiales_597441_f_Neisseriaceae_563222_g_Neisseria_563205,0.0029292929292929
Non-rarefied ASV,2,47,p_Proteobacteria_c_Gammaproteobacteria_o_Enterobacterales_A_737866_f_Aeromonadaceae_g_Pseudaeromonas_s_Pseudaeromonas_paramecii,0.0026262626262626
Non-rarefied ASV,2,48,p_Proteobacteria_c_Alphaproteobacteria_o_Caedimonadales,0.0023484848484848
Non-rarefied ASV,2,49,p_Firmicutes_C_c_Negativicutes_o_Veillonellales_f_Veillonellaceae_g_Veillonella_A_s_Veillonella_A_rogosae,0.0021408519263411
Non-rarefied ASV,2,50,p_Firmicutes_D_c_Bacilli_o_Bacillales_B_306089_f_Bacillaceae_H_294103_g_Bacillus_P_294101,0.0021212121212121
Non-rarefied ASV,2,51,p_Bacteroidota_c_Bacteroidia,0.0019444444444444
Non-rarefied ASV,2,52,p_Proteobacteria_c_Alphaproteobacteria_o_Caulobacterales_f_Caulobacteraceae_g_Phenylobacterium_s_Phenylobacterium_haematophilum,0.0016879903546884
Non-rarefied ASV,2,53,p_Proteobacteria_c_Alphaproteobacteria_o_Rhizobiales_A_504705_f_Xanthobacteraceae_503485,0.0016389319264587
Non-rarefied ASV,2,54,p_Firmicutes_D_c_Bacilli_o_RFN20_f_CAG-826_g_Enteromonas_s_Enteromonas_sp900316365,0.0014393939393939
Non-rarefied ASV,2,55,p_Actinobacteriota_c_Actinomycetia_o_Actinomycetales_f_Micrococcaceae,0.0011169838094125
Non-rarefied ASV,2,56,p_Firmicutes_D_c_Bacilli_o_Lactobacillales_f_Streptococcaceae_g_Streptococcus_s_Streptococcus_infantarius,0.0008333333333333
Non-rarefied Taxa,2,1,k_Bacteria_p_Hydrogenedentota_c_Hydrogenedentia_o_Hydrogenedentiales_f_SLHB01,0.2903334798084364
Non-rarefied Taxa,2,2,k_Bacteria_p_Hydrogenedentota,0.2899152176247702
Non-rarefied Taxa,2,3,k_Bacteria_p_Hydrogenedentota_c_Hydrogenedentia,0.2899152176247702
Non-rarefied Taxa,2,4,k_Bacteria_p_Hydrogenedentota_c_Hydrogenedentia_o_Hydrogenedentiales,0.2899152176247702
Non-rarefied Taxa,2,5,k_Bacteria_p_Actinobacteriota_c_Actinomycetia_o_Actinomycetales_f_Microbacteriaceae_g_Microbacterium_A_383312_s_NR_042351,0.2741906258794996
Non-rarefied Taxa,2,6,k_Bacteria_p_Bacteroidota_c_Bacteroidia_o_Sphingobacteriales_f_Sphingobacteriaceae_g_Sphingobacterium_s_Sphingobacterium_kyonggiense,0.268494713720348
Non-rarefied Taxa,2,7,k_Bacteria_p_Dormibacterota_c_Dormibacteria_o_UBA8260_f_UBA8260,0.2668136292033725
Non-rarefied Taxa,2,8,k_Bacteria_p_Dormibacterota_c_Dormibacteria_o_UBA8260,0.2668136292033725
Non-rarefied Taxa,2,9,k_Bacteria_p_Proteobacteria_c_Gammaproteobacteria_o_Burkholderiales_592524_f_Burkholderiaceae_A_574870_g_Undibacterium_570144_s_Undibacterium_oligocarboniphilum,0.2601672516928778
Non-rarefied Taxa,2,10,k_Bacteria_p_Proteobacteria_c_Gammaproteobacteria_o_Pseudomonadales_660879_f_Moraxellaceae_g_Acinetobacter_s_Acinetobacter_schindleri,0.2472598446740043
Non-rarefied Taxa,2,11,k_Bacteria_p_Bacteroidota_c_Bacteroidia_o_Cytophagales_f_Spirosomaceae_g_Dyadobacter_906143_s_Dyadobacter_bucti,0.1016342089366581
Non-rarefied Taxa,2,12,k_Bacteria_p_Proteobacteria_c_Gammaproteobacteria_o_Enterobacterales_A_737866_f_Enterobacteriaceae_A_g_Klebsiella_724518_s_NR_044799,0.0480135094157796
Non-rarefied Taxa,2,13,k_Bacteria_p_Myxococcota_A_473307_c_Polyangia_463783_o_Polyangiales_f_Polyangiaceae_g_Palsa_1150_s_NR_126182,0.0473977054820034
Non-rarefied Taxa,2,14,k_Bacteria_p_Cyanobacteria_c_Vampirovibrionia_o_Obscuribacterales_f_Obscuribacteraceae_g_NR_s_NR_104911,0.0465182040750681
Non-rarefied Taxa,2,15,k_Bacteria_p_Firmicutes_A_c_Clostridia_258483_o_Lachnospirales_f_Lachnospiraceae_g_NR_s_NR_151894,0.0435247763202241
Non-rarefied Taxa,2,16,k_Bacteria_p_Proteobacteria_c_Alphaproteobacteria_o_Rhodobacterales_f_Rhodobacteraceae_g_Paracoccus_s_NR_025857,0.0416266779914945
Non-rarefied Taxa,2,17,k_Bacteria_p_Bacteroidota_c_Bacteroidia_o_Flavobacteriales_877923_f_Flavobacteriaceae_g_Capnocytophaga_820688_s_Capnocytophaga_leadbetteri,0.0396019154691488
Non-rarefied Taxa,2,18,k_Bacteria_p_Proteobacteria_c_Alphaproteobacteria_o_Sphingomonadales_f_Sphingomonadaceae_g_Sphingomicrobium_483265_s_Sphingomicrobium_sediminicola,0.0382422712762301
Non-rarefied Taxa,2,19,k_Bacteria_p_Proteobacteria_c_Alphaproteobacteria_o_Sphingomonadales_f_Sphingomonadaceae_g_Sphingomonas_L_486704_s_NR_044187,0.0219421534556586
Non-rarefied Taxa,2,20,k_Bacteria_p_Firmicutes_D_c_Bacilli_o_Exiguobacterales_f_Exiguobacteraceae_g_Exiguobacterium_A,0.0185961966213587
Non-rarefied Taxa,2,21,k_Bacteria_p_Firmicutes_D_c_Bacilli_o_Exiguobacterales,0.0185961966213587
Non-rarefied Taxa,2,22,k_Bacteria_p_Firmicutes_D_c_Bacilli_o_Exiguobacterales_f_Exiguobacteraceae,0.0185961966213587
Non-rarefied Taxa,2,23,k_Bacteria_p_Bacteroidota_c_Bacteroidia_o_Bacteroidales_f_Porphyromonadaceae,0.0159669866180295
Non-rarefied Taxa,2,24,k_Bacteria_p_Proteobacteria_c_Gammaproteobacteria_o_Burkholderiales_592522_f_Burkholderiaceae_A_592522_g_Pelomonas_s_Pelomonas_puraquae,0.0159001951531164
Non-rarefied Taxa,2,25,k_Bacteria_p_Proteobacteria_c_Gammaproteobacteria_o_Burkholderiales_592524_f_Burkholderiaceae_A_580492_g_Paraburkholderia_580243_s_NR_178324,0.0141638509587859
Non-rarefied Taxa,2,26,k_Bacteria_p_Proteobacteria_c_Gammaproteobacteria_o_Burkholderiales_597441_f_Neisseriaceae_563222_g_Neisseria_563205_s_NR_117694,0.0133517494245067
Non-rarefied Taxa,2,27,k_Bacteria_p_Firmicutes_C_c_Negativicutes_o_Veillonellales_f_Veillonellaceae_g_Veillonella_A_s_NR_041879,0.0128531094126804
Non-rarefied Taxa,2,28,k_Bacteria_p_Proteobacteria_c_Gammaproteobacteria_o_Burkholderiales_597441_f_Methylophilaceae,0.0119444444444444
Non-rarefied Taxa,2,29,k_Bacteria_p_Bacteroidota_c_Bacteroidia_o_Flavobacteriales_877923_f_Flavobacteriaceae_g_Pseudobizionia_s_Pseudobizionia_ponticola,0.0111868686868686
Non-rarefied Taxa,2,30,k_Bacteria_p_Bacteroidota_c_Bacteroidia_o_Flavobacteriales_877923_f_Flavobacteriaceae_g_Pseudobizionia,0.0111868686868686
Non-rarefied Taxa,2,31,k_Bacteria_p_Proteobacteria_c_Gammaproteobacteria_o_Enterobacterales_A_737866_f_Alteromonadaceae_665222_g_Pararheinheimera_s_Pararheinheimera_tangshanensis,0.0109090909090908
Non-rarefied Taxa,2,32,k_Bacteria_p_Bacteroidota_c_Bacteroidia_o_Cytophagales_f_Spirosomaceae_g_Larkinella_s_NR_158087,0.0106060606060605
Non-rarefied Taxa,2,33,k_Bacteria_p_Bacteroidota_c_Bacteroidia_o_Cytophagales_f_Spirosomaceae_g_Larkinella,0.0106060606060605
Non-rarefied Taxa,2,34,k_Bacteria_p_Firmicutes_D_c_Bacilli_o_Lactobacillales_f_Streptococcaceae_g_Streptococcus_s_Streptococcus_infantarius,0.0099162562726997
Non-rarefied Taxa,2,35,k_Bacteria_p_Proteobacteria_c_Alphaproteobacteria_o_Rs_D84_512864_f_Rs_D84_512864_g_NR,0.0059343434343434
Non-rarefied Taxa,2,36,k_Bacteria_p_Firmicutes_A_c_Clostridia_258483_o_Oscillospirales_f_Oscillospiraceae_88309_g_NR_s_NR_179330,0.0059090909090909
Non-rarefied Taxa,2,37,k_Bacteria_p_Proteobacteria_c_Gammaproteobacteria_o_Burkholderiales_592522_f_Burkholderiaceae_A_592522_g_Pelomonas_s_NR_199498,0.0052020202020201
Non-rarefied Taxa,2,38,k_Bacteria_p_Actinobacteriota_c_Acidimicrobiia_401430_o_Acidimicrobiales_f_Ilumatobacteraceae_g_NR,0.0050252525252525
Non-rarefied Taxa,2,39,k_Bacteria_p_Bacteroidota_c_Bacteroidia_o_Bacteroidia_f_Bacteroidia_g_NR_s_NR_159218,0.0043888712528812
Non-rarefied Taxa,2,40,k_Bacteria_p_Proteobacteria_c_Alphaproteobacteria_o_Sphingomonadales_f_Sphingomonadaceae_g_Novosphingobium_485351_s_NR_199486,0.0042929292929292
Non-rarefied Taxa,2,41,k_Bacteria_p_Proteobacteria_c_Alphaproteobacteria_o_Sphingomonadales_f_Sphingomonadaceae_g_NR_s_NR_148326,0.0042929292929292
Non-rarefied Taxa,2,42,k_Bacteria_p_Chlamydiota_c_Chlamydiia_o_Chlamydiales_778124_f_Parachlamydiaceae_g_Neochlamydia_s_NR_025037,0.0039898989898989
Non-rarefied Taxa,2,43,k_Bacteria_p_Patescibacteria_c_Saccharimonadia_o_Saccharimonadales_f_Nanosyncoccaceae_g_Nanosyncoccus,0.0039393939393939
Non-rarefied Taxa,2,44,k_Bacteria_p_Bacteroidota_c_Bacteroidia_o_Chitinophagales_f_Chitinophagaceae_929731_g_NR,0.0036868686868686
Non-rarefied Taxa,2,45,k_Bacteria_p_Bacteroidota_c_Bacteroidia_o_AKYH767_f_B_17BO_g_NR,0.0034064278014702
Non-rarefied Taxa,2,46,k_Bacteria_p_Cyanobacteria_c_Cyanobacteriia_o_PCC_6307_f_Cyanobiaceae_g_Cyanobium_A_31525_s_Cyanobium_A_31525_gracile,0.0033838383838383
Non-rarefied Taxa,2,47,k_Bacteria_p_Cyanobacteria_c_Cyanobacteriia_o_PCC_6307_f_Cyanobiaceae,0.0033838383838383
Non-rarefied Taxa,2,48,k_Bacteria_p_Myxococcota_A_473307_c_Myxococcia_o_Myxococcales_f_Anaeromyxobacteraceae_g_Anaeromyxobacter,0.0032070707070706
Non-rarefied Taxa,2,49,k_Bacteria_p_Myxococcota_A_473307_c_UBA4151_o_UBA4151,0.003080808080808
Non-rarefied Taxa,2,50,k_Bacteria_p_Firmicutes_D_c_Bacilli_o_Lactobacillales_f_Streptococcaceae_g_Lactococcus_A_343473_s_NR_104722,0.0026427207255654
Non-rarefied Taxa,2,51,k_Bacteria_p_Proteobacteria_c_Gammaproteobacteria_o_Burkholderiales_597432_f_Rhodocyclaceae_g_Tepidiphilus,0.0024242424242424
Non-rarefied Taxa,2,52,k_Bacteria_p_Bacteroidota_c_Bacteroidia_o_Chitinophagales_f_Chitinophagaceae_929731_g_NR_s_NR_148840,0.0022727272727272
Non-rarefied Taxa,2,53,k_Bacteria_p_Spirochaetota_c_Spirochaetia,0.0022273751024878
Non-rarefied Taxa,2,54,k_Bacteria_p_Actinobacteriota_c_Coriobacteriia_o_OPB41_f_UBA2279,0.0021433090603117
Non-rarefied Taxa,2,55,k_Bacteria_p_Bacteroidota_c_Bacteroidia_o_Bacteroidales_f_Bacteroidaceae_g_Alloprevotella_s_Alloprevotella_sp900095835,0.0020056454783002
Non-rarefied Taxa,2,56,k_Bacteria_p_Bacteroidota_c_Bacteroidia_o_Chitinophagales_f_Saprospiraceae_g_OLB9_s_NR_112673,0.0019949494949494
Non-rarefied Taxa,2,57,k_Bacteria_p_Firmicutes_D_c_Bacilli_o_Staphylococcales_f_Staphylococcaceae_g_Staphylococcus_s_Staphylococcus_chromogenes,0.0019949494949494
Non-rarefied Taxa,2,58,k_Bacteria_p_Proteobacteria_c_Alphaproteobacteria_o_Rhodobacterales_f_Rhodobacteraceae_g_Paracoccus_s_NR_113921,0.0018939393939393
Non-rarefied Taxa,2,59,k_Bacteria_p_Proteobacteria_c_Gammaproteobacteria_o_Pseudomonadales_660879_f_Moraxellaceae_g_Acinetobacter_s_NR_026207,0.0017171717171717
Non-rarefied Taxa,2,60,k_Bacteria_p_Verrucomicrobiota_c_Verrucomicrobiae_o_Pedosphaerales_f_Pedosphaerales_g_NR_s_NR_134756,0.0016381452523768
Non-rarefied Taxa,2,61,k_Bacteria_p_Verrucomicrobiota_c_Verrucomicrobiae_o_Chthoniobacterales_f_Chthoniobacteraceae_g_NR_s_NR_115225,0.0015698798938761
Non-rarefied Taxa,2,62,k_Bacteria_p_Firmicutes_A_c_Clostridia_258483_o_Oscillospirales_f_Acutalibacteraceae_g_Ruminococcus_E_s_NR_025930,0.001540404040404
Non-rarefied Taxa,2,63,k_Bacteria_p_Firmicutes_A_c_Clostridia_258483_o_Lachnospirales_f_Lachnospiraceae_g_Blautia_A_141781_s_Blautia_A_141781_faecis,0.0015151515151515
Non-rarefied Taxa,2,64,k_Bacteria_p_Verrucomicrobiota_c_Verrucomicrobiae_o_Chthoniobacterales_f_Chthoniobacteraceae_g_NR,0.0014751408921676
Non-rarefied Taxa,2,65,k_Bacteria_p_Proteobacteria_c_Alphaproteobacteria_o_Holosporales_f_Holosporales_g_NR,0.0014393939393939
Non-rarefied Taxa,2,66,k_Bacteria_p_Verrucomicrobiota_c_Verrucomicrobiae_o_Pedosphaerales_f_Pedosphaeraceae_g_Pedosphaera_s_Pedosphaera_parvula,0.0010905683577629
Non-rarefied Taxa,2,67,k_Bacteria_p_Acidobacteriota_c_Acidobacteriae_o_Acidoferrales_f_UBA7541_g_Palsa_295_s_Palsa_295_sp003167215,0.0009776068402918
Non-rarefied Taxa,2,68,k_Bacteria_p_Bacteroidota_c_Bacteroidia_o_Flavobacteriales_877923_f_Flavobacteriaceae_g_Salinimicrobium,0.0008585858585858
Non-rarefied Taxa,2,69,k_Bacteria_p_Acidobacteriota_c_Thermoanaerobaculia_o_UBA5066_f_UBA5066,0.0008417709372464
Non-rarefied Taxa,2,70,k_Bacteria_p_Proteobacteria_c_Gammaproteobacteria_o_Xanthomonadales_616050_f_SZUA_36_g_NR_s_NR_197745,0.0007843614019668
Non-rarefied Taxa,2,71,k_Bacteria_p_Proteobacteria_c_Gammaproteobacteria_o_Pseudomonadales_641030_f_Halomonadaceae_641030_g_NR_s_NR_119189,0.0006060606060606
Non-rarefied Taxa,2,72,k_Bacteria_p_Verrucomicrobiota_c_Verrucomicrobiae_o_Pedosphaerales_f_Pedosphaeraceae,0.0005421010696511
Non-rarefied Taxa,2,73,k_Bacteria_p_Proteobacteria_c_Gammaproteobacteria_o_Enterobacterales_A_737866_f_Enterobacteriaceae_A_g_NR_s_NR_115258,0.0004854280436809
Non-rarefied Taxa,2,74,k_Bacteria_p_Proteobacteria_c_Gammaproteobacteria_o_Enterobacterales_A_737866_f_Enterobacteriaceae_A_g_Klebsiella_724518_s_NR_037084,0.0003833792920763
Rarefied ASV,2,1,p_Proteobacteria_c_Gammaproteobacteria_o_Xanthomonadales_613067_f_Rhodanobacteraceae_613067_g_Rudaea,7.198165627436896e+20
Rarefied ASV,2,2,p_Bacteroidota_c_Bacteroidia_o_Chitinophagales_f_Chitinophagaceae_966727_g_UBA1930_s_UBA1930_sp002337145,0.4660036140018039
Rarefied ASV,2,3,p_Proteobacteria_c_Gammaproteobacteria_o_Burkholderiales_592524_f_Burkholderiaceae_A_580492_g_Ralstonia_s_Ralstonia_pickettii_B,0.4132430188357829
Rarefied ASV,2,4,p_Patescibacteria_c_Paceibacteria_o_UBA9983_A_f_SBAW01_g_GWA1-54-10_s_GWA1-54-10_sp007375995,0.3870402208425932
Rarefied ASV,2,5,p_Proteobacteria_c_Gammaproteobacteria_o_Burkholderiales_592524_f_Burkholderiaceae_A_580492_g_Ralstonia_s_Ralstonia_pseudosolanacearum,0.3558294446931945
Rarefied ASV,2,6,p_Myxococcota_A_473307_c_Myxococcia_o_Myxococcales_f_Myxococcaceae_g_WRKR01_s_WRKR01_sp009782175,0.3395760575930277
Rarefied ASV,2,7,p_Firmicutes_D_c_Bacilli_o_Bacillales_G_286742,0.3385993361473083
Rarefied ASV,2,8,p_Actinobacteriota_c_Actinomycetia_o_Mycobacteriales_f_Mycobacteriaceae_g_Rhodococcus_C_375578,0.3046549377859466
Rarefied ASV,2,9,p_Bacteroidota_c_Bacteroidia_o_Flavobacteriales_877923_f_Flavobacteriaceae_g_Salinimicrobium,0.2986944184328118
Rarefied ASV,2,10,p_Firmicutes_A_c_Clostridia_258483_o_Lachnospirales_f_Lachnospiraceae,0.2958284245596991
Rarefied ASV,2,11,p_Actinobacteriota_c_Actinomycetia_o_Actinomycetales_f_Microbacteriaceae_g_Microbacterium_A_383312,0.2795993672476874
Rarefied ASV,2,12,p_Proteobacteria_c_Alphaproteobacteria_o_Rhizobiales_A_504705_f_Xanthobacteraceae_503485,0.0834873771143147
Rarefied ASV,2,13,p_Proteobacteria_c_Gammaproteobacteria_o_Enterobacterales_A_737866_f_Enterobacteriaceae_A_g_Providencia_A_732258,0.0575815455280805
Rarefied ASV,2,14,p_Proteobacteria_c_Gammaproteobacteria_o_Burkholderiales_595422_f_Burkholderiaceae_A_595422_g_Advenella_s_Advenella_alkanexedens,0.0540175163673663
Rarefied ASV,2,15,p_Bacteroidota_c_Bacteroidia_o_Sphingobacteriales_f_Sphingobacteriaceae_g_Sphingobacterium_s_Sphingobacterium_kyonggiense,0.05359777620537
Rarefied ASV,2,16,p_Actinobacteriota_c_Actinomycetia_o_Actinomycetales_f_Micrococcaceae_g_Micrococcus,0.0308093326276316
Rarefied ASV,2,17,p_Bdellovibrionota_E_c_Oligoflexia_o_Oligoflexales_f_Oligoflexaceae_g_Oligoflexus_s_Oligoflexus_tunisiensis,0.0266986935469595
Rarefied ASV,2,18,p_Proteobacteria_c_Gammaproteobacteria_o_Enterobacterales_A_737866_f_Enterobacteriaceae_A,0.0252495648849484
Rarefied ASV,2,19,p_Firmicutes_D_c_Bacilli_o_Bacillales_B_306089_f_Bacillaceae_H_294103_g_Bacillus_P_294101,0.0238082970970646
Rarefied ASV,2,20,p_Proteobacteria_c_Alphaproteobacteria_o_Sphingomonadales_f_Sphingomonadaceae_g_Sphingomonas_L_486704,0.0232909872368722
Rarefied ASV,2,21,p_Proteobacteria_c_Gammaproteobacteria_o_Enterobacterales_A_737866_f_Enterobacteriaceae_A_g_Klebsiella_724518,0.0214030487496204
Rarefied ASV,2,22,p_Firmicutes_D_c_Bacilli_o_Bacillales_B_306089_f_Bacillaceae_H_289398_g_Priestia,0.0198320135501137
Rarefied ASV,2,23,p_Actinobacteriota_c_Actinomycetia_o_Mycobacteriales_f_Mycobacteriaceae_g_Corynebacterium,0.0191388613986583
Rarefied ASV,2,24,p_Proteobacteria_c_Gammaproteobacteria_o_Pseudomonadales_650611_f_Pseudomonadaceae_g_Pseudomonas_B_650451,0.0191196779277457
Rarefied ASV,2,25,p_Proteobacteria_c_Gammaproteobacteria_o_Burkholderiales_592524_f_Burkholderiaceae_A_580492_g_Paraburkholderia_580243,0.0187161096028629
Rarefied ASV,2,26,p_Bacteroidota_c_Bacteroidia_o_Flavobacteriales_877923_f_Weeksellaceae_g_Chryseobacterium_796661_s_Chryseobacterium_bovis,0.0123333333333333
Rarefied ASV,2,27,p_Proteobacteria_c_Gammaproteobacteria_o_Burkholderiales_597631,0.0123333333333332
Rarefied ASV,2,28,p_Firmicutes_D_c_Bacilli_o_Lactobacillales_f_Lactobacillaceae_g_Weissella_A_338544,0.0119588135839573
Rarefied ASV,2,29,p_Bacteroidota_c_Bacteroidia_o_Sphingobacteriales_f_Sphingobacteriaceae_g_Daejeonella_s_Daejeonella_composti,0.0106666666666666
Rarefied ASV,2,30,p_Firmicutes_A_c_Clostridia_258483_o_Lachnospirales_f_Lachnospiraceae_g_UBA3282_s_UBA3282_sp003611805,0.0106666666666666
Rarefied ASV,2,31,p_Firmicutes_D_c_Bacilli_o_Lactobacillales_f_Lactobacillaceae_g_Lactobacillus,0.01
Rarefied ASV,2,32,p_Firmicutes_A_c_Clostridia_258483_o_Lachnospirales_f_Lachnospiraceae_g_Blautia_A_141781_s_Blautia_A_141781_massiliensis,0.0096666666666666
Rarefied ASV,2,33,p_Proteobacteria_c_Alphaproteobacteria_o_Caulobacterales_f_Caulobacteraceae_g_Phenylobacterium_s_Phenylobacterium_haematophilum,0.0079999999999999
Rarefied ASV,2,34,p_Actinobacteriota_c_Actinomycetia_o_Actinomycetales_f_Dermabacteraceae_g_Brachybacterium,0.0076666666666666
Rarefied ASV,2,35,p_Proteobacteria_c_Alphaproteobacteria,0.0073333333333333
Rarefied ASV,2,36,p_Chlamydiota_c_Chlamydiia_o_Chlamydiales_778124_f_Rhabdochlamydiaceae_g_Rhabdochlamydia_s_Rhabdochlamydia_sp901000775,0.0073333333333333
Rarefied ASV,2,37,p_Proteobacteria_c_Gammaproteobacteria_o_Burkholderiales_597441_f_Neisseriaceae_563222_g_Neisseria_563205,0.0069999999999999
Rarefied ASV,2,38,p_Chloroflexota_c_Chloroflexia_o_Thermomicrobiales,0.0066666666666666
Rarefied ASV,2,39,p_Bacteroidota_c_Bacteroidia_o_Bacteroidales_f_Porphyromonadaceae_g_Porphyromonas_A_859423_s_Porphyromonas_A_859423_pasteri,0.006
Rarefied ASV,2,40,p_Proteobacteria_c_Gammaproteobacteria_o_Xanthomonadales_616009_f_Xanthomonadaceae_616009_g_Stenotrophomonas_A_615274_s_Stenotrophomonas_A_615274_nitritireducens_A_614483,0.0056666666666666
Rarefied ASV,2,41,p_Proteobacteria_c_Gammaproteobacteria_o_Xanthomonadales_616009_f_Xanthomonadaceae_616009_g_Stenotrophomonas_A_615274,0.0056666666666666
Rarefied ASV,2,42,p_Cyanobacteria_c_Vampirovibrionia_o_Obscuribacterales_f_Obscuribacteraceae_g_PALSA-1081,0.0053333333333333
Rarefied ASV,2,43,p_Proteobacteria_c_Gammaproteobacteria_o_Pseudomonadales_650611_f_Pseudomonadaceae_g_Pseudomonas_E_647464,0.0046666666666666
Rarefied ASV,2,44,p_Proteobacteria_c_Gammaproteobacteria_o_Pseudomonadales_650611_f_Pseudomonadaceae_g_Pseudomonas_E_650325_s_Pseudomonas_E_650325_peli,0.0043333333333333
Rarefied ASV,2,45,p_Bacteroidota_c_Bacteroidia_o_Cytophagales_f_Spirosomaceae_g_Larkinella,0.0039999999999999
Rarefied ASV,2,46,p_Proteobacteria_c_Gammaproteobacteria_o_Burkholderiales_592522_f_Burkholderiaceae_A_592522_g_Comamonas_F_589250,0.0033333333333333
Rarefied ASV,2,47,p_Proteobacteria_c_Gammaproteobacteria_o_Pseudomonadales_641030_f_Halomonadaceae_641030_g_Halomonas_E_640272_s_Halomonas_E_640272_daqiaonensis,0.0026666666666666
Rarefied ASV,2,48,p_Actinobacteriota_c_Actinomycetia_o_Actinomycetales_f_Dermatophilaceae_390796,0.0026666666666666
Rarefied ASV,2,49,p_Firmicutes_A_c_Clostridia_258483_o_Lachnospirales_f_Lachnospiraceae_g_Anaerostipes_s_Anaerostipes_hadrus,0.0026666666666666
Rarefied ASV,2,50,p_Eremiobacterota_c_Xenobia_o_Xenobiales,0.0023333333333333
Rarefied ASV,2,51,p_Proteobacteria_c_Alphaproteobacteria_o_Rhizobiales_A_502138_f_Devosiaceae_g_Devosia_A_502124_s_Devosia_A_502124_sp001427875,0.0019999999999999
Rarefied ASV,2,52,p_Proteobacteria_c_Gammaproteobacteria_o_Thiotrichales_608018_f_Thiotrichaceae_608018_g_Thiolinea_s_Thiolinea_eikelboomii,0.0018090351892031
Rarefied ASV,2,53,p_Firmicutes_D_c_Bacilli_o_Bacillales_B_302584_f_DSM-1321_301386,0.0017703022929401
Rarefied ASV,2,54,p_Cyanobacteria_c_Vampirovibrionia_o_Obscuribacterales_f_Obscuribacteraceae_g_QKMZ01_s_QKMZ01_sp003242885,0.0013553044169176
Rarefied ASV,2,55,p_Proteobacteria_c_Alphaproteobacteria_o_Caulobacterales_f_TH1-2,0.0013333333333333
Rarefied ASV,2,56,p_Verrucomicrobiota_c_Verrucomicrobiae_o_Verrucomicrobiales_f_Akkermansiaceae_g_Akkermansia_s_Akkermansia_muciniphila_D_776786,0.0013333333333333
Rarefied ASV,2,57,p_Firmicutes_D_c_Bacilli_o_Staphylococcales_f_Staphylococcaceae_g_Staphylococcus_s_Staphylococcus_succinus,0.0012688533407664
Rarefied ASV,2,58,p_Bacteroidota_c_Bacteroidia_o_Bacteroidales_f_Marinilabiliaceae_g_JC017_s_JC017_sp004296775,0.0006385838830302
Rarefied Taxa,2,1,k_Bacteria_p_Firmicutes_D_c_Bacilli_o_Bacillales_G_286742_f_Bacillales_G_286742_g_NR_s_NR_025264,0.3385993361473083
Rarefied Taxa,2,2,k_Bacteria_p_Firmicutes_D_c_Bacilli_o_Bacillales_G_286742_f_Bacillales_G_286742_g_NR,0.3385993361473083
Rarefied Taxa,2,3,k_Bacteria_p_Bacteroidota_c_Bacteroidia_o_Flavobacteriales_877923_f_Flavobacteriaceae_g_Salinimicrobium,0.3371967507112357
Rarefied Taxa,2,4,k_Bacteria_p_Hydrogenedentota,0.3090759587784608
Rarefied Taxa,2,5,k_Bacteria_p_Hydrogenedentota_c_Hydrogenedentia,0.3090759587784608
Rarefied Taxa,2,6,k_Bacteria_p_Firmicutes_A_c_Clostridia_258483_o_Lachnospirales_f_Lachnospiraceae_g_NR_s_NR_156907,0.2958284245596991
Rarefied Taxa,2,7,k_Bacteria_p_Hydrogenedentota_c_Hydrogenedentia_o_Hydrogenedentiales_f_SLHB01,0.2903334798084364
Rarefied Taxa,2,8,k_Bacteria_p_Hydrogenedentota_c_Hydrogenedentia_o_Hydrogenedentiales,0.2899152176247702
Rarefied Taxa,2,9,k_Bacteria_p_Bacteroidota_c_Bacteroidia_o_Sphingobacteriales_f_Sphingobacteriaceae_g_Sphingobacterium_s_Sphingobacterium_kyonggiense,0.2847304713394906
Rarefied Taxa,2,10,k_Bacteria_p_Actinobacteriota_c_Actinomycetia_o_Actinomycetales_f_Microbacteriaceae_g_Microbacterium_A_383312_s_NR_042351,0.2795993672476874
Rarefied Taxa,2,11,k_Bacteria_p_Dormibacterota_c_Dormibacteria_o_UBA8260,0.2764664812220467
Rarefied Taxa,2,12,k_Bacteria_p_Dormibacterota_c_Dormibacteria_o_UBA8260_f_UBA8260,0.2764664812220467
Rarefied Taxa,2,13,k_Bacteria_p_Proteobacteria_c_Gammaproteobacteria_o_Burkholderiales_592524_f_Burkholderiaceae_A_574870_g_Undibacterium_570144_s_Undibacterium_oligocarboniphilum,0.2601672516928778
Rarefied Taxa,2,14,k_Bacteria_p_Proteobacteria_c_Gammaproteobacteria_o_Pseudomonadales_660879_f_Moraxellaceae_g_Acinetobacter_s_Acinetobacter_schindleri,0.2472598446740043
Rarefied Taxa,2,15,k_Bacteria_p_Bacteroidota_c_Bacteroidia_o_Cytophagales_f_Spirosomaceae_g_Dyadobacter_906143_s_Dyadobacter_bucti,0.1016342089366581
Rarefied Taxa,2,16,k_Bacteria_p_Bacteroidota_c_Bacteroidia_o_Flavobacteriales_877923_f_Flavobacteriaceae_g_Salinimicrobium_s_NR_109368,0.0554313684770791
Rarefied Taxa,2,17,k_Bacteria_p_Proteobacteria_c_Gammaproteobacteria_o_Burkholderiales_592522_f_Burkholderiaceae_A_592522_g_Acidovorax_A_s_Acidovorax_A_wautersii,0.0543025464739889
Rarefied Taxa,2,18,k_Bacteria_p_Proteobacteria_c_Alphaproteobacteria_o_Rhizobiales_A_501396_f_Rhizobiaceae_A_499470_g_NR_s_NR_042685,0.0491547652477248
Rarefied Taxa,2,19,k_Bacteria_p_Proteobacteria_c_Gammaproteobacteria_o_Enterobacterales_A_737866_f_Enterobacteriaceae_A_g_Klebsiella_724518_s_NR_044799,0.0480135094157796
Rarefied Taxa,2,20,k_Bacteria_p_Myxococcota_A_473307_c_Polyangia_463783_o_Polyangiales_f_Polyangiaceae_g_Palsa_1150_s_NR_126182,0.0473977054820034
Rarefied Taxa,2,21,k_Bacteria_p_Cyanobacteria_c_Vampirovibrionia_o_Obscuribacterales_f_Obscuribacteraceae_g_NR_s_NR_104911,0.0465182040750681
Rarefied Taxa,2,22,k_Bacteria_p_Proteobacteria_c_Alphaproteobacteria_o_Rhodobacterales_f_Rhodobacteraceae_g_Paracoccus_s_NR_025857,0.0454417351737344
Rarefied Taxa,2,23,k_Bacteria_p_Firmicutes_A_c_Clostridia_258483_o_Lachnospirales_f_Lachnospiraceae_g_NR_s_NR_151894,0.0435247763202241
Rarefied Taxa,2,24,k_Bacteria_p_Proteobacteria_c_Gammaproteobacteria_o_Enterobacterales_A_737866_f_Enterobacteriaceae_A_g_Providencia_A_732258_s_NR_104913,0.0423747383189413
Rarefied Taxa,2,25,k_Bacteria_p_Bacteroidota_c_Bacteroidia_o_Flavobacteriales_877923_f_Flavobacteriaceae_g_Capnocytophaga_820688_s_Capnocytophaga_leadbetteri,0.0396019154691488
Rarefied Taxa,2,26,k_Bacteria_p_Proteobacteria_c_Gammaproteobacteria_o_Burkholderiales_595422_f_Burkholderiaceae_A_595422_g_Advenella_s_Advenella_alkanexedens,0.0395760957174464
Rarefied Taxa,2,27,k_Bacteria_p_Proteobacteria_c_Alphaproteobacteria_o_Sphingomonadales_f_Sphingomonadaceae_g_Sphingomicrobium_483265_s_Sphingomicrobium_sediminicola,0.0382422712762301
Rarefied Taxa,2,28,k_Bacteria_p_Proteobacteria_c_Gammaproteobacteria_o_Enterobacterales_A_737866_f_Enterobacteriaceae_A_g_Klebsiella_724518_s_NR_037084,0.0223444112909996
Rarefied Taxa,2,29,k_Bacteria_p_Proteobacteria_c_Alphaproteobacteria_o_Sphingomonadales_f_Sphingomonadaceae_g_Sphingomonas_L_486704_s_NR_044187,0.0219421534556586
Rarefied Taxa,2,30,k_Bacteria_p_Bacteroidota_c_Bacteroidia_o_Bacteroidales_f_Porphyromonadaceae,0.0217057469531125
Rarefied Taxa,2,31,k_Bacteria_p_Proteobacteria_c_Gammaproteobacteria_o_Pseudomonadales_660879_f_Moraxellaceae_g_Acinetobacter_s_Acinetobacter_kookii,0.0205905113423611
Rarefied Taxa,2,32,k_Bacteria_p_Firmicutes_D_c_Bacilli_o_Exiguobacterales_f_Exiguobacteraceae,0.0185961966213587
Rarefied Taxa,2,33,k_Bacteria_p_Firmicutes_D_c_Bacilli_o_Exiguobacterales_f_Exiguobacteraceae_g_Exiguobacterium_A,0.0185961966213587
Rarefied Taxa,2,34,k_Bacteria_p_Firmicutes_D_c_Bacilli_o_Exiguobacterales,0.0185961966213587
Rarefied Taxa,2,35,k_Bacteria_p_Actinobacteriota_c_Acidimicrobiia_401430_o_IMCC26256_f_IMCC26256_g_NR_s_NR_112972,0.0162690509242994
Rarefied Taxa,2,36,k_Bacteria_p_Proteobacteria_c_Gammaproteobacteria_o_Burkholderiales_592522_f_Burkholderiaceae_A_592522_g_Pelomonas_s_Pelomonas_puraquae,0.0159001951531164
Rarefied Taxa,2,37,k_Bacteria_p_Gemmatimonadota_c_Gemmatimonadetes_o_Gemmatimonadales_f_Gemmatimonadaceae_g_NR,0.0158422794155447
Rarefied Taxa,2,38,k_Bacteria_p_Proteobacteria_c_Gammaproteobacteria_o_Burkholderiales_592522_f_Burkholderiaceae_A_592522_g_NR_s_NR_040786,0.0149658254132471
Rarefied Taxa,2,39,k_Bacteria_p_Proteobacteria_c_Gammaproteobacteria_o_Pseudomonadales_650611_f_Pseudomonadaceae_g_Pseudomonas_B_650451_s_NR_042191,0.0145722173641558
Rarefied Taxa,2,40,k_Bacteria_p_Proteobacteria_c_Gammaproteobacteria_o_Burkholderiales_592524_f_Burkholderiaceae_A_580492_g_Paraburkholderia_580243_s_NR_178324,0.0141638509587859
Rarefied Taxa,2,41,k_Bacteria_p_Proteobacteria_c_Gammaproteobacteria_o_Burkholderiales_597441_f_Neisseriaceae_563222_g_Neisseria_563205_s_NR_117694,0.0133517494245067
Rarefied Taxa,2,42,k_Bacteria_p_Actinobacteriota_c_Actinomycetia_o_Mycobacteriales_f_Mycobacteriaceae_g_Corynebacterium_s_NR_042139,0.0133483794848876
Rarefied Taxa,2,43,k_Bacteria_p_Firmicutes_C_c_Negativicutes_o_Veillonellales_f_Veillonellaceae_g_Veillonella_A_s_NR_041879,0.0128531094126804
Rarefied Taxa,2,44,k_Bacteria_p_Bacteroidota_c_Bacteroidia_o_Bacteroidales_f_Bacteroidaceae_g_Alloprevotella_s_Alloprevotella_sp900095835,0.0120876376207591
Rarefied Taxa,2,45,k_Bacteria_p_Actinobacteriota_c_Acidimicrobiia_401430_o_Acidimicrobiales_f_Ilumatobacteraceae_g_NR,0.0120766705800687
Rarefied Taxa,2,46,k_Bacteria_p_Proteobacteria_c_Gammaproteobacteria_o_Burkholderiales_597441_f_Methylophilaceae,0.0119444444444444
Rarefied Taxa,2,47,k_Bacteria_p_Proteobacteria_c_Gammaproteobacteria_o_Enterobacterales_A_737866_f_Enterobacteriaceae_A_g_NR_s_NR_115258,0.0118179045350178
Rarefied Taxa,2,48,k_Bacteria_p_Fusobacteriota_c_Fusobacteriia_o_Fusobacteriales_993777_f_Leptotrichiaceae,0.0113836608270957
Rarefied Taxa,2,49,k_Bacteria_p_Bacteroidota_c_Bacteroidia_o_Flavobacteriales_877923_f_Flavobacteriaceae_g_Pseudobizionia_s_Pseudobizionia_ponticola,0.0111868686868686
Rarefied Taxa,2,50,k_Bacteria_p_Bacteroidota_c_Bacteroidia_o_Flavobacteriales_877923_f_Flavobacteriaceae_g_Pseudobizionia,0.0111868686868686
Rarefied Taxa,2,51,k_Bacteria_p_Proteobacteria_c_Gammaproteobacteria_o_Enterobacterales_A_737866_f_Alteromonadaceae_665222_g_Pararheinheimera_s_Pararheinheimera_tangshanensis,0.0109090909090908
Rarefied Taxa,2,52,k_Bacteria_p_Bacteroidota_c_Bacteroidia_o_Cytophagales_f_Spirosomaceae_g_Larkinella_s_NR_158087,0.0106060606060605
Rarefied Taxa,2,53,k_Bacteria_p_Bacteroidota_c_Bacteroidia_o_Cytophagales_f_Spirosomaceae_g_Larkinella,0.0106060606060605
Rarefied Taxa,2,54,k_Bacteria_p_Proteobacteria_c_Gammaproteobacteria_o_Burkholderiales_597441_f_Neisseriaceae_563222_g_Neisseria_563205_s_NR_041989,0.0105912134116364
Rarefied Taxa,2,55,k_Bacteria_p_Firmicutes_D_c_Bacilli_o_Lactobacillales_f_Streptococcaceae_g_Streptococcus_s_Streptococcus_infantarius,0.0099162562726997
Rarefied Taxa,2,56,k_Bacteria_p_Actinobacteriota_c_Actinomycetia_o_Actinomycetales_f_Bifidobacteriaceae_g_Bifidobacterium_388775_s_NR_029137,0.0096666666666666
Rarefied Taxa,2,57,k_Bacteria_p_Proteobacteria_c_Gammaproteobacteria_o_Enterobacterales_A_737866_f_Enterobacteriaceae_A_g_NR_s_NR_116115,0.0093333333333332
Rarefied Taxa,2,58,k_Bacteria_p_Planctomycetota_c_Planctomycetia_o_Pirellulales_f_Pirellulaceae_g_Anammoximicrobium,0.0089999999999999
Rarefied Taxa,2,59,k_Bacteria_p_Firmicutes_A_c_Clostridia_258483_o_Lachnospirales_f_Lachnospiraceae_g_UBA3282_s_UBA3282_sp003611805,0.0089999999999999
Rarefied Taxa,2,60,k_Bacteria_p_Firmicutes_A_c_Clostridia_258483_o_Lachnospirales_f_Lachnospiraceae_g_UBA3282,0.0089999999999999
Rarefied Taxa,2,61,k_Bacteria_p_Planctomycetota_c_Planctomycetia_o_Pirellulales_f_Pirellulaceae_g_Anammoximicrobium_s_Anammoximicrobium_sp012515235,0.0089999999999999
Rarefied Taxa,2,62,k_Bacteria_p_Firmicutes_A_c_Clostridia_258483_o_Lachnospirales_f_Lachnospiraceae_g_Blautia_A_141781_s_Blautia_A_141781_massiliensis,0.0079999999999999
Rarefied Taxa,2,63,k_Bacteria_p_Bacteroidota_c_Bacteroidia_o_Bacteroidales_f_Bacteroidaceae_g_Alloprevotella_s_Alloprevotella_rava,0.007
Rarefied Taxa,2,64,k_Bacteria_p_Firmicutes_D_c_Bacilli_o_Exiguobacterales_f_Exiguobacteraceae_g_Exiguobacterium_A_s_NR_042347,0.0069999999999999
Rarefied Taxa,2,65,k_Bacteria_p_Proteobacteria_c_Alphaproteobacteria_o_Rs_D84_512864_f_Rs_D84_512864_g_NR,0.0059343434343434
Rarefied Taxa,2,66,k_Bacteria_p_Firmicutes_A_c_Clostridia_258483_o_Oscillospirales_f_Oscillospiraceae_88309_g_NR_s_NR_179330,0.0059090909090909
Rarefied Taxa,2,67,k_Bacteria_p_Actinobacteriota_c_Actinomycetia_o_Actinomycetales_f_Micrococcaceae_g_Micrococcus_s_Micrococcus_luteus,0.0058570504462862
Rarefied Taxa,2,68,k_Bacteria_p_Proteobacteria_c_Gammaproteobacteria_o_Burkholderiales_592522_f_Burkholderiaceae_A_592522_g_Pelomonas_s_NR_199498,0.0052020202020201
Rarefied Taxa,2,69,k_Bacteria_p_Bacteroidota_c_Bacteroidia_o_Cytophagales_f_Spirosomaceae_g_Dyadobacter_906268_s_NR_169396,0.0046666666666666
Rarefied Taxa,2,70,k_Bacteria_p_Bacteroidota_c_Bacteroidia_o_Bacteroidia_f_Bacteroidia_g_NR_s_NR_159218,0.0043888712528812
Rarefied Taxa,2,71,k_Bacteria_p_Proteobacteria_c_Gammaproteobacteria_o_Enterobacterales_A_737866_f_Enterobacteriaceae_A_g_Erwinia_B_680885_s_NR_026049,0.0043333333333333
Rarefied Taxa,2,72,k_Bacteria_p_Bacteroidota_c_Bacteroidia_o_Flavobacteriales_877923_f_Weeksellaceae_g_Chryseobacterium_796661_s_Chryseobacterium_bovis,0.0043333333333333
Rarefied Taxa,2,73,k_Bacteria_p_Firmicutes_D_c_Bacilli_o_Lactobacillales_f_Streptococcaceae_g_Lactococcus_A_343473_s_NR_104722,0.0043333333333333
Rarefied Taxa,2,74,k_Bacteria_p_Proteobacteria_c_Alphaproteobacteria_o_Sphingomonadales_f_Sphingomonadaceae_g_Novosphingobium_485351_s_NR_199486,0.0042929292929292
Rarefied Taxa,2,75,k_Bacteria_p_Proteobacteria_c_Alphaproteobacteria_o_Sphingomonadales_f_Sphingomonadaceae_g_NR_s_NR_148326,0.0042929292929292
Rarefied Taxa,2,76,k_Bacteria_p_Chlamydiota_c_Chlamydiia_o_Chlamydiales_778124_f_Parachlamydiaceae_g_Neochlamydia_s_NR_025037,0.0039898989898989
Rarefied Taxa,2,77,k_Bacteria_p_Patescibacteria_c_Saccharimonadia_o_Saccharimonadales_f_Nanosyncoccaceae_g_Nanosyncoccus,0.0039393939393939
Rarefied Taxa,2,78,k_Bacteria_p_Bacteroidota_c_Bacteroidia_o_Chitinophagales_f_Chitinophagaceae_929731_g_NR,0.0036868686868686
Rarefied Taxa,2,79,k_Bacteria_p_Bacteroidota_c_Bacteroidia_o_AKYH767_f_B_17BO_g_NR,0.0034064278014702
Rarefied Taxa,2,80,k_Bacteria_p_Cyanobacteria_c_Cyanobacteriia_o_PCC_6307_f_Cyanobiaceae_g_Cyanobium_A_31525_s_Cyanobium_A_31525_gracile,0.0033838383838383
Rarefied Taxa,2,81,k_Bacteria_p_Cyanobacteria_c_Cyanobacteriia_o_PCC_6307_f_Cyanobiaceae,0.0033838383838383
Rarefied Taxa,2,82,k_Bacteria_p_Myxococcota_A_473307_c_Myxococcia_o_Myxococcales_f_Anaeromyxobacteraceae_g_Anaeromyxobacter,0.0032070707070706
Rarefied Taxa,2,83,k_Bacteria_p_Myxococcota_A_473307_c_UBA4151_o_UBA4151,0.003080808080808
Rarefied Taxa,2,84,k_Bacteria_p_Proteobacteria_c_Alphaproteobacteria_o_Rhizobiales_A_504705_f_Xanthobacteraceae_503485_g_NR_s_NR_115060,0.0029999999999999
Rarefied Taxa,2,85,k_Bacteria_p_Actinobacteriota_c_Actinomycetia_o_Propionibacteriales_f_Propionibacteriaceae_g_Cutibacterium_s_Cutibacterium_modestum,0.0026666666666666
Rarefied Taxa,2,86,k_Bacteria_p_Proteobacteria_c_Alphaproteobacteria_o_Alphaproteobacteria_f_Alphaproteobacteria_g_NR_s_NR_156087,0.0025714403394567
Rarefied Taxa,2,87,k_Bacteria_p_Proteobacteria_c_Gammaproteobacteria_o_Burkholderiales_597432_f_Rhodocyclaceae_g_Tepidiphilus,0.0024242424242424
Rarefied Taxa,2,88,k_Bacteria_p_Firmicutes_A_c_Clostridia_258483_o_Oscillospirales_f_Acutalibacteraceae_g_Ruminococcus_E_s_NR_025930,0.0023738525844245
Rarefied Taxa,2,89,k_Bacteria_p_Bacteroidota_c_Bacteroidia_o_Chitinophagales_f_Chitinophagaceae_929731_g_NR_s_NR_148840,0.0022727272727272
Rarefied Taxa,2,90,k_Bacteria_p_Spirochaetota_c_Spirochaetia,0.0022273751024878
Rarefied Taxa,2,91,k_Bacteria_p_Actinobacteriota_c_Coriobacteriia_o_OPB41_f_UBA2279,0.0021433090603117
Rarefied Taxa,2,92,k_Bacteria_p_Firmicutes_D_c_Bacilli_o_Haloplasmatales_A_f_Turicibacteraceae,0.0019999999999999
Rarefied Taxa,2,93,k_Bacteria_p_Bacteroidota_c_Bacteroidia_o_Chitinophagales_f_Saprospiraceae_g_OLB9_s_NR_112673,0.0019949494949494
Rarefied Taxa,2,94,k_Bacteria_p_Firmicutes_D_c_Bacilli_o_Staphylococcales_f_Staphylococcaceae_g_Staphylococcus_s_Staphylococcus_chromogenes,0.0019949494949494
Rarefied Taxa,2,95,k_Bacteria_p_Proteobacteria_c_Alphaproteobacteria_o_Rhodobacterales_f_Rhodobacteraceae_g_Paracoccus_s_NR_113921,0.0018939393939393
Rarefied Taxa,2,96,k_Bacteria_p_Proteobacteria_c_Gammaproteobacteria_o_Pseudomonadales_660879_f_Moraxellaceae_g_Acinetobacter_s_NR_026207,0.0017171717171717
Rarefied Taxa,2,97,k_Bacteria_p_Firmicutes_G_c_UBA4882_o_UBA10575_f_UBA10575_g_Capillibacterium_s_Capillibacterium_thermochitinicola,0.0016666666666666
Rarefied Taxa,2,98,k_Bacteria_p_Firmicutes_A_c_Clostridia_258483_o_Lachnospirales_f_Anaerotignaceae,0.0016666666666666
Rarefied Taxa,2,99,k_Bacteria_p_Firmicutes_G_c_UBA4882_o_UBA10575,0.0016666666666666
Rarefied Taxa,2,100,k_Bacteria_p_Firmicutes_G_c_UBA4882_o_UBA10575_f_UBA10575_g_Capillibacterium,0.0016666666666666
Rarefied Taxa,2,101,k_Bacteria_p_Firmicutes_C_c_Negativicutes_o_Acidaminococcales_f_Acidaminococcaceae_g_Phascolarctobacterium_A,0.0016666666666666
Rarefied Taxa,2,102,k_Bacteria_p_Firmicutes_G_c_UBA4882_o_UBA10575_f_UBA10575,0.0016666666666666
Rarefied Taxa,2,103,k_Bacteria_p_Verrucomicrobiota_c_Verrucomicrobiae_o_Pedosphaerales_f_Pedosphaerales_g_NR_s_NR_134756,0.0016381452523768
Rarefied Taxa,2,104,k_Bacteria_p_Verrucomicrobiota_c_Verrucomicrobiae_o_Chthoniobacterales_f_Chthoniobacteraceae_g_NR_s_NR_115225,0.0015698798938761
Rarefied Taxa,2,105,k_Bacteria_p_Firmicutes_A_c_Clostridia_258483_o_Lachnospirales_f_Lachnospiraceae_g_Blautia_A_141781_s_Blautia_A_141781_faecis,0.0015151515151515
Rarefied Taxa,2,106,k_Bacteria_p_Verrucomicrobiota_c_Verrucomicrobiae_o_Chthoniobacterales_f_Chthoniobacteraceae_g_NR,0.0014751408921676
Rarefied Taxa,2,107,k_Bacteria_p_Proteobacteria_c_Alphaproteobacteria_o_Holosporales_f_Holosporales_g_NR,0.0014393939393939
Rarefied Taxa,2,108,k_Bacteria_p_Firmicutes_D_c_Bacilli_o_Bacillales_B_306089_f_Bacillaceae_H_294103_g_Bacillus_P_294101_s_NR_024689,0.0012346159942287
Rarefied Taxa,2,109,k_Bacteria_p_Bacteroidota_c_Bacteroidia_o_Bacteroidales_f_Bacteroidaceae_g_Prevotella_s_Prevotella_histicola,0.0011557236342672
Rarefied Taxa,2,110,k_Bacteria_p_Verrucomicrobiota_c_Verrucomicrobiae_o_Pedosphaerales_f_Pedosphaeraceae_g_Pedosphaera_s_Pedosphaera_parvula,0.0010905683577629
Rarefied Taxa,2,111,k_Bacteria_p_Actinobacteriota_c_Thermoleophilia_o_Thermoleophilia_f_Thermoleophilia,0.0010494677793962
Rarefied Taxa,2,112,k_Bacteria_p_Bacteroidota_c_Rhodothermia,0.0009999999999999
Rarefied Taxa,2,113,k_Bacteria_p_Acidobacteriota_c_Acidobacteriae_o_Acidoferrales_f_UBA7541_g_Palsa_295_s_Palsa_295_sp003167215,0.0009776068402918
Rarefied Taxa,2,114,k_Bacteria_p_Bacteroidota_c_Bacteroidia_o_Bacteroidales_f_Dysgonomonadaceae,0.0009436763112539
Rarefied Taxa,2,115,k_Bacteria_p_Acidobacteriota_c_Thermoanaerobaculia_o_UBA5066_f_UBA5066,0.0008417709372464
Rarefied Taxa,2,116,k_Bacteria_p_Proteobacteria_c_Gammaproteobacteria_o_Xanthomonadales_616050_f_SZUA_36_g_NR_s_NR_197745,0.0007843614019668
Rarefied Taxa,2,117,k_Bacteria_p_Proteobacteria_c_Gammaproteobacteria_o_Pseudomonadales_641030_f_Halomonadaceae_641030_g_NR_s_NR_119189,0.0006060606060606
Rarefied Taxa,2,118,k_Bacteria_p_Verrucomicrobiota_c_Verrucomicrobiae_o_Chthoniobacterales_f_Terrimicrobiaceae,0.0005697123362043
Rarefied Taxa,2,119,k_Bacteria_p_Verrucomicrobiota_c_Verrucomicrobiae_o_Pedosphaerales_f_Pedosphaeraceae,0.0005421010696511
Rarefied Taxa,2,120,k_Bacteria_p_Firmicutes_C_c_Negativicutes_o_Veillonellales_f_Veillonellaceae_g_Veillonella_A_s_Veillonella_A_atypica,0.000480314601254
Rarefied Taxa,2,121,k_Bacteria_p_Bacteroidota_c_Bacteroidia_o_Bacteroidales_f_Paludibacteraceae_g_Paludibacter_s_Paludibacter_sp001873635,-0.001
